,,,54571
#,Input,Subbed,Stripped
1,rhqrpdxsqhgxzknr2foursnrcfthree,rhqrpdxsqhgxzknr24snrcf3,23
2,2bmckl,2bmckl,22
3,four95qvkvveight5,495qvkvv85,45
4,2tqbxgrrpmxqfglsqjkqthree6nhjvbxpflhr1eightwohr,2tqbxgrrpmxqfglsqjkq36nhjvbxpflhr18wohr,28
5,7two68,7268,78
6,nine7twoslseven4sfoursix,972sl74s46,96
7,fivemnjxbrnsvl3,5mnjxbrnsvl3,53
8,3qcfxgzsevenone1rv,3qcfxgz711rv,31
9,9four6dk7gvv,946dk7gvv,97
10,nine91threepdcthjkmrthreeeightwonsg,9913pdcthjkmr38wonsg,98
11,fivetglzqdfthreergnseight2lpphhbd,5tglzqdf3rgns82lpphhbd,52
12,fourtwohldlr6294,42hldlr6294,44
13,qkvc7pvsv6rvsxlqzpjdjkd1eightthree,qkvc7pvsv6rvsxlqzpjdjkd183,73
14,onefourm5qpfvdnbs,14m5qpfvdnbs,15
15,ql8jbzzjpsdgmrjtngrkfdmcsix6eightsix,ql8jbzzjpsdgmrjtngrkfdmc6686,86
16,8nl2,8nl2,82
17,5lfzqhgeightnine,5lfzqhg89,59
18,three313eight2zcjnnmtnh,331382zcjnnmtnh,32
19,4three77dgjzfj4five,4377dgjzfj45,45
20,ntr5sixfourznnljvqdr5one,ntr564znnljvqdr51,51
21,threedlmnd98nineeighteight7,3dlmnd989887,37
22,pzcnnbjjthreefmlf9znfnkdrjs,pzcnnbjj3fmlf9znfnkdrjs,39
23,flbdjkseven7338qxzbcsx6,flbdjk77338qxzbcsx6,76
24,six43fourthree2,643432,62
25,one24hndgmz37mjqqm1,124hndgmz37mjqqm1,11
26,4fiverlgtbr,45rlgtbr,45
27,7hqtlxgngd15qkfl2three,7hqtlxgngd15qkfl23,73
28,mtcztwo46one,mtcz2461,21
29,3onefivechmlkgp87clrmmhseven,315chmlkgp87clrmmh7,37
30,tvsctqdlns1hhhctpn34cztkqzztpcgtzhgrtt,tvsctqdlns1hhhctpn34cztkqzztpcgtzhgrtt,14
31,four8flptk,48flptk,48
32,6zkb,6zkb,66
33,7eight9fivesix75hclgfphhvv,7895675hclgfphhvv,75
34,ct53qdjpnkdpxdhvpqqcx8,ct53qdjpnkdpxdhvpqqcx8,58
35,144six,1446,16
36,kbjtmgfrx3mpmjhncfl78nine,kbjtmgfrx3mpmjhncfl789,39
37,7sgnlbdfivecxz,7sgnlbd5cxz,75
38,oneqrbbnrdxgbbfl3,1qrbbnrdxgbbfl3,13
39,8ndmrfggfz1six87,8ndmrfggfz1687,87
40,hjkfb8vhrhnlmbhbl59rxplvmgzspfour,hjkfb8vhrhnlmbhbl59rxplvmgzsp4,84
41,3sixjhdn4hckqsnvseven,36jhdn4hckqsnv7,37
42,zmkgmlpfsixxhmv25bqlgm5,zmkgmlpf6xhmv25bqlgm5,65
43,three48eighttwo,34882,32
44,rgfzfourbmpxzrh6dfjcdkhqhcdkpfpk,rgfz4bmpxzrh6dfjcdkhqhcdkpfpk,46
45,bpccbcqmlstwos8threenineeightg8,bpccbcqmls2s8398g8,28
46,nbcpd2prckbshrbvsmrmlhxdkq,nbcpd2prckbshrbvsmrmlhxdkq,22
47,6flfsxv,6flfsxv,66
48,84xqeightseven,84xq87,87
49,1xf8five8rgplhdvteightseven9,1xf858rgplhdvt879,19
50,frtwone34btgz4bxlqbf,fr2ne34btgz4bxlqbf,24
51,three5eight,358,38
52,8xtcsggc,8xtcsggc,88
53,9gtrcffqmxpvccjpsfqsixlcmdfkfgjqc,9gtrcffqmxpvccjpsfq6lcmdfkfgjqc,96
54,5svskptp1twothreersjrlnfdbxttzrkkqz,5svskptp123rsjrlnfdbxttzrkkqz,53
55,tsdtcfsj5sixfivesxvxxsgxhkhngzl,tsdtcfsj565sxvxxsgxhkhngzl,55
56,dgfcrtck2twosxkdq,dgfcrtck22sxkdq,22
57,fivektlxgmeighttwo1,5ktlxgm821,51
58,9661ldh,9661ldh,91
59,twobqcfnxbgnd68,2bqcfnxbgnd68,28
60,pbsnjqtqhzfrjjtkninexqjbsvrcnnine983,pbsnjqtqhzfrjjtk9xqjbsvrcn9983,93
61,bfcndjjsqseight81,bfcndjjsqs881,81
62,rgvxddcs82one62,rgvxddcs82162,82
63,oneeightcgseven7,18cg77,17
64,fivexhvmhjhmzscjpxjgnxpd37,5xhvmhjhmzscjpxjgnxpd37,57
65,onefourdxsgvbkttj2zcpvnrcbpnbfonesix9,14dxsgvbkttj2zcpvnrcbpnbf169,19
66,four65mrbfjsix,465mrbfj6,46
67,tgbgnqcdrsixone2hsznmgtgtp,tgbgnqcdr612hsznmgtgtp,62
68,3five3,353,33
69,3vzg7,3vzg7,37
70,five94eight1xrbcgnnq7rknvvfnrgv,59481xrbcgnnq7rknvvfnrgv,57
71,mjsmnineone7phrfqseven7,mjsm917phrfq77,97
72,njtk1one895,njtk11895,15
73,jrpbp7n62zgnrnxlzdvtlt8vqm,jrpbp7n62zgnrnxlzdvtlt8vqm,78
74,135sslqzn,135sslqzn,15
75,9ninenineeightsix4ljnj1twoner,999864ljnj12ner,92
76,6nine44mgmvrfhvh4four3,6944mgmvrfhvh443,63
77,gvqxreight6,gvqxr86,86
78,sqrfkncdk3,sqrfkncdk3,33
79,5nine7qkjsdscrvsevenfive,597qkjsdscrv75,55
80,qbxmone9twoninesljzz,qbxm1929sljzz,19
81,qhss364lsscxxdk96six,qhss364lsscxxdk966,36
82,35bxgcfive8x,35bxgc58x,38
83,eightcmzzdxc853sixsixprnnjknfp,8cmzzdxc85366prnnjknfp,86
84,one23pxdgrsbsonegfive8,123pxdgrsbs1g58,18
85,41three4,4134,44
86,eightkzpscshdstmnklzthreeqzkftmng46,8kzpscshdstmnklz3qzkftmng46,86
87,2two66,2266,26
88,threeeightninefvmbcfjf2xjsixlrpr,389fvmbcfjf2xj6lrpr,36
89,2269qhvrrfp,2269qhvrrfp,29
90,527,527,57
91,2onevb,21vb,21
92,nine7ninefour7threeqsblhrgxvjtwonelg,979473qsblhrgxvj2nelg,92
93,fourvjdqxnn84szdc,4vjdqxnn84szdc,44
94,kbgtfcrr6twotwoeightthreeone,kbgtfcrr622831,61
95,5cjlvqhbfivetwo49,5cjlvqhb5249,59
96,knzgl5cnftwovmffkrgblnjmhhb,knzgl5cnf2vmffkrgblnjmhhb,52
97,6glbpbn7,6glbpbn7,67
98,fiverfourfivefive1three,5r45513,53
99,121,121,11
100,eight3one,831,81
101,gxlvnmkpkksixfour6,gxlvnmkpkk646,66
102,k8pmlfgsixninetwo,k8pmlfg692,82
103,ldlhsix56one,ldlh6561,61
104,h1,h1,11
105,5vlcktk,5vlcktk,55
106,139nine9gtgqkddsixeightcgqv,13999gtgqkdd68cgqv,18
107,fivesixsixeight3nsnhcqcfoursix,56683nsnhcqc46,56
108,pfdksfpmonejrbbninethreeqsjsfrv8njfdh,pfdksfpm1jrbb93qsjsfrv8njfdh,18
109,nzltgfsbqpbzcrgvpj5,nzltgfsbqpbzcrgvpj5,55
110,eighthtfive5gzmqxhbcdmseven7,8ht55gzmqxhbcdm77,87
111,nxfvdgxhxninethreegfqlzqmlc4three6,nxfvdgxhx93gfqlzqmlc436,96
112,hfs524zfive,hfs524z5,55
113,5fourtflone,54tfl1,51
114,4threenndghtkh41,43nndghtkh41,41
115,54bkrhrt2rrptrvcszrskc97,54bkrhrt2rrptrvcszrskc97,57
116,spfone69nlpgftmslthlqdf,spf169nlpgftmslthlqdf,19
117,qgtf2pz1seven53nfscpnrf,qgtf2pz1753nfscpnrf,23
118,r4fivehkpthtn,r45hkpthtn,45
119,gvd2qshbjjsevenone,gvd2qshbjj71,21
120,47397,47397,47
121,gtzqvvsntvqnhrkxqb6twonebt,gtzqvvsntvqnhrkxqb62nebt,62
122,3sixninefivekjkgpjvtcqcsix,3695kjkgpjvtcqc6,36
123,six7ninefourseventwosix7eight,679472678,68
124,6fivemgdj,65mgdj,65
125,dvbbjrbfjsxffnjlhfdqthree51oneighttsp,dvbbjrbfjsxffnjlhfdq3511ighttsp,31
126,seven784mxkxr219lf,7784mxkxr219lf,79
127,6ddjspgcmtkqd4752,6ddjspgcmtkqd4752,62
128,7xlvdtztq,7xlvdtztq,77
129,8sevencjsfivethreefour,87cjs534,84
130,8rqzng,8rqzng,88
131,ninejttfnfzrffnzzbtrbzhsix9fivesix,9jttfnfzrffnzzbtrbzh6956,96
132,jhgtblzxbs9klzzztwoxlpsfbvhcl,jhgtblzxbs9klzzz2xlpsfbvhcl,92
133,9ninetwohnvpkkbzklh8,992hnvpkkbzklh8,98
134,7threen2zfkphngfkjhvkkz,73n2zfkphngfkjhvkkz,72
135,gqldlljv5,gqldlljv5,55
136,nineskmdqcqxj16,9skmdqcqxj16,96
137,9pgbdlfcmbonesixthreep8s1,9pgbdlfcmb163p8s1,91
138,4dbjktxcbqh8cvxsnrkdgvjrghcfhx,4dbjktxcbqh8cvxsnrkdgvjrghcfhx,48
139,sevensixsevenhtbhnpcpnqjtpfsix686,767htbhnpcpnqjtpf6686,76
140,5hkvjlrjbgtsevenhrlone7sfrztpcqjpdn,5hkvjlrjbgt7hrl17sfrztpcqjpdn,57
141,52nine7ninethree,529793,53
142,three1251,31251,31
143,1ghlmpvmmseven1threeghgfrsch,1ghlmpvmm713ghgfrsch,13
144,3sixseven7fsdssixdckfvhzrvq8,3677fsds6dckfvhzrvq8,38
145,jtwoninesevenfour73tspxfxcd,j297473tspxfxcd,23
146,2lxlsninelvnzjvd,2lxls9lvnzjvd,29
147,nine1zfx,91zfx,91
148,gsmfnbkzqqkczkpgg522,gsmfnbkzqqkczkpgg522,52
149,zoneightone9zlxxrtbxzrh73sixthreesix,z1ight19zlxxrtbxzrh73636,16
150,twotwoztxzhrlbnlhtqmlzph6g4eight2,22ztxzhrlbnlhtqmlzph6g482,22
151,fkqrmjrhmjjnthdt281sevenfour,fkqrmjrhmjjnthdt28174,24
152,twodzpjpvx1eightmmkhxtlrfzsevenrnhthree,2dzpjpvx18mmkhxtlrfz7rnh3,23
153,one72ptwoljccvmmkscflxqv,172p2ljccvmmkscflxqv,12
154,9nine9kbmlcvn,999kbmlcvn,99
155,3ninefivevgvcssvfqhrfvxc6hhlmcllsxpzp,395vgvcssvfqhrfvxc6hhlmcllsxpzp,36
156,1four7,147,17
157,vhvlxg5six,vhvlxg56,56
158,sgcdxjqvkrfive3three,sgcdxjqvkr533,53
159,sixfivesixvgtrtxs5,656vgtrtxs5,65
160,4zsevenfour2,4z742,42
161,2onenqjkjxjxcknc52fivethree8,21nqjkjxjxcknc52538,28
162,sixzqtgtdkqm1sksnfgbhtwoseven33seven,6zqtgtdkqm1sksnfgbh27337,67
163,4twobq2,42bq2,42
164,twocxxl6htqlcrlsdskmone6,2cxxl6htqlcrlsdskm16,26
165,731,731,71
166,5sevendfrgsdjhdnrhvdp11fgpxknxvfvv,57dfrgsdjhdnrhvdp11fgpxknxvfvv,51
167,pdktwo2eight824tlpmsmflg1,pdk228824tlpmsmflg1,21
168,71sxtsjtff,71sxtsjtff,71
169,ninesixeight5,9685,95
170,eightsix3xzrhclnl,863xzrhclnl,83
171,twotwo6tmslnxnfdfbdvffgt668,226tmslnxnfdfbdvffgt668,28
172,four54xclbszc,454xclbszc,44
173,tt6fourzlbcldmffour,tt64zlbcldmf4,64
174,fourvnxqfngsz7zkh74fourtwo,4vnxqfngsz7zkh7442,42
175,twoeightl8five1scfnnbh,28l851scfnnbh,21
176,one4bjzzckgseven,14bjzzckg7,17
177,kcb9five,kcb95,95
178,7five6lgdlmjqblvtfprrfht2,756lgdlmjqblvtfprrfht2,72
179,4fivetwopcnlntseventhreenqrdgrjg,452pcnlnt73nqrdgrjg,43
180,twobkbfkmzdlkcjbrfvnl65onesix5three,2bkbfkmzdlkcjbrfvnl651653,23
181,73eight7,7387,77
182,nine52jrlrthreez,952jrlr3z,93
183,six8tmxhjxgjm6six3,68tmxhjxgjm663,63
184,635jksvjvndtxbkksznrbnine,635jksvjvndtxbkksznrb9,69
185,zncthreeninefive4seven4pdckvp,znc395474pdckvp,34
186,one1four,114,14
187,xndfpkzeight5,xndfpkz85,85
188,7msxkdfzvtkrsdtqz,7msxkdfzvtkrsdtqz,77
189,4onejglhdmnjx5,41jglhdmnjx5,45
190,1seven1three2,17132,12
191,4nvkv,4nvkv,44
192,hd3,hd3,33
193,9zbgttprszjmpv,9zbgttprszjmpv,99
194,fourzcxeightthree6,4zcx836,46
195,dkkvxvzzktr5vrztgv1,dkkvxvzzktr5vrztgv1,51
196,797cqxvfhtlthdbhvcmrktwo6,797cqxvfhtlthdbhvcmrk26,76
197,four383twoeighttwo,4383282,42
198,1lnkzjrlzdtfvgckczfour,1lnkzjrlzdtfvgckcz4,14
199,onefivesix3ncll3hcrpsdmtpxvnine,1563ncll3hcrpsdmtpxv9,19
200,3fiversgksrncxh46mzvpzv94,35rsgksrncxh46mzvpzv94,34
201,4eightmzsgftrxjsix637pdjhsds,48mzsgftrxj6637pdjhsds,47
202,gz4tgghpmtseveneighteightsix,gz4tgghpmt7886,46
203,9sevenmfourfkfscq,97m4fkfscq,94
204,hjmbkzznjflhtd3one,hjmbkzznjflhtd31,31
205,eighttwoone5gfzxmptfivemlkfzpnxr,8215gfzxmpt5mlkfzpnxr,85
206,one4txtzkrtzmqtfbzdgnfouronenkcmqdtdgfnjvhc,14txtzkrtzmqtfbzdgn41nkcmqdtdgfnjvhc,11
207,kljssprljm5nine,kljssprljm59,59
208,z5,z5,55
209,lrmgjltmfive79lhqj9,lrmgjltm579lhqj9,59
210,vdgvlvhptpprbx16fourgph5one3,vdgvlvhptpprbx164gph513,13
211,fivenine9two3,59923,53
212,ninemglpslone6,9mglpsl16,96
213,988seven3seven,988737,97
214,twonine6zjhhxsdlglsmpmvmvvztbhhxklzponeeight,296zjhhxsdlglsmpmvmvvztbhhxklzp18,28
215,3ghmsrggblfngvtt,3ghmsrggblfngvtt,33
216,gdftwone1six,gdf2ne16,26
217,sixxtxkgzqvldsixzzqtfq5bvhlxkxrthreeoneeight,6xtxkgzqvld6zzqtfq5bvhlxkxr318,68
218,3oneseven,317,37
219,4three6one19five,4361195,45
220,sixfourseventwo2threetwoseven7,647223277,67
221,1fiverltmfpdkkj3nine5,15rltmfpdkkj395,15
222,6mzrdnpnfivebfgbbvtmmj4rqssl,6mzrdnpn5bfgbbvtmmj4rqssl,64
223,vxjncmpg3twoeightone,vxjncmpg3281,31
224,fivefiveztghmbgd1,55ztghmbgd1,51
225,6sevenljbnlsfjgpsix38,67ljbnlsfjgp638,68
226,threeskseven1rqtfrmkkxkkkkbqrqknsfsrfoursix,3sk71rqtfrmkkxkkkkbqrqknsfsr46,36
227,jh5one,jh51,51
228,3145hsxsrthree56,3145hsxsr356,36
229,hdxxdz6threenpq68zpqhvrt,hdxxdz63npq68zpqhvrt,68
230,qbfxrcfpeight5lqpcfd,qbfxrcfp85lqpcfd,85
231,seven4hldkmhfbeightonenine,74hldkmhfb819,79
232,seven9threeeightwocvb,7938wocvb,78
233,qtdp6grfdn,qtdp6grfdn,66
234,fourhqp93,4hqp93,43
235,three1tmgpxlqjninenine,31tmgpxlqj99,39
236,mtbvfjkmxr941bct,mtbvfjkmxr941bct,91
237,one61one,1611,11
238,ninesqtf872six526,9sqtf8726526,96
239,ncdfhxmgsjseventhree3xvpq8,ncdfhxmgsj733xvpq8,78
240,1sevenjjnvfjzd1twovpkrsvrdbninestsgzdjfgmfxnc,17jjnvfjzd12vpkrsvrdb9stsgzdjfgmfxnc,19
241,36sixmxnhfkneightwov,366mxnhfkn8wov,38
242,threeeight5sixfive241four,385652414,34
243,four76nine,4769,49
244,oneddcxxggx7tvg,1ddcxxggx7tvg,17
245,7gstvsclkjsixtwoseveng6four1,7gstvsclkj627g641,71
246,vttsixsrqgmkptdsqbnhvdmhmzxcstxtx3eight,vtt6srqgmkptdsqbnhvdmhmzxcstxtx38,68
247,5qckzltb5,5qckzltb5,55
248,nine943four,99434,94
249,hdgbvjtjkc3onetwo238,hdgbvjtjkc312238,38
250,q97gghxdgcqdkeight3onethree,q97gghxdgcqdk8313,93
251,sixrsdrdvqlht2sixonexn216,6rsdrdvqlht261xn216,66
252,4nxkbsvninenineqjphghzjqnjqfvhnine,4nxkbsv99qjphghzjqnjqfvh9,49
253,21fivejpqsgktsjczkdps79three,215jpqsgktsjczkdps793,23
254,onesixst8,16st8,18
255,5ctxhzsvllbseventwo91zhznxqeightrlblc,5ctxhzsvllb7291zhznxq8rlblc,58
256,1178fzjfsevenseven9,1178fzjf779,19
257,2j5dp,2j5dp,25
258,cpxeightwoonethreehgnldljndt8onetwo,cpx8wo13hgnldljndt812,82
259,thltnonefive8twoeight,thltn15828,18
260,cfsthmmztroneqmtwo6,cfsthmmztr1qm26,16
261,threethreesixcsfvf7,336csfvf7,37
262,dnsskccxfour3,dnsskccx43,43
263,bdgcdzdvbjninefourhgtwoone1nine,bdgcdzdvbj94hg2119,99
264,6sixeightfive24,668524,64
265,sixcgkfour5,6cgk45,65
266,ninekbtkninefsbmjgppfive2,9kbtk9fsbmjgpp52,92
267,96cgstvtnsix,96cgstvtn6,96
268,4two4qqflzdeight4,424qqflzd84,44
269,1pctd7zmpndjhljt,1pctd7zmpndjhljt,17
270,78two,782,72
271,hjfbdjggrkjbxjtlmcnnfngrgmfsevendtqjsmqx2,hjfbdjggrkjbxjtlmcnnfngrgmf7dtqjsmqx2,72
272,58eightkpxlqmneight,588kpxlqmn8,58
273,eightninefoursix44txgslt2vvp,894644txgslt2vvp,82
274,5fivefive1one6qskqbldeight,555116qskqbld8,58
275,1six3threenine,16339,19
276,5fourqzjhzsgbqkczhvhrvr2two,54qzjhzsgbqkczhvhrvr22,52
277,7seventhreeeighttwo4lmkdgkftftwofour,773824lmkdgkftf24,74
278,threeeight21fjfxvrcnfive,3821fjfxvrcn5,35
279,vkzgjvdjzdpdxdsfiverbgeight3,vkzgjvdjzdpdxds5rbg83,53
280,878,878,88
281,9zcthreerhvxsp,9zc3rhvxsp,93
282,hninepjjvvzmfns1pjtbtkoneonenine,h9pjjvvzmfns1pjtbtk119,99
283,lbjxxthreehkcbjv7,lbjxx3hkcbjv7,37
284,1682seven,16827,17
285,3xhbltveightfivethreeln,3xhbltv853ln,33
286,vdtktf9threesix544,vdtktf936544,94
287,81sixfournineqshtzqhcp,81649qshtzqhcp,89
288,ninetwomdvdkfm815,92mdvdkfm815,95
289,6eight7ninetwosszxkvqmjpdcz9,68792sszxkvqmjpdcz9,69
290,twofive3,253,23
291,ninetwo1vdhjdjd,921vdhjdjd,91
292,qpkgszmrndvgn11seventwo,qpkgszmrndvgn1172,12
293,crspcbvbone8h,crspcbvb18h,18
294,48one27754seven,481277547,47
295,5dcfivedrpmdlcbvlbjdthree634,5dc5drpmdlcbvlbjd3634,54
296,1fivefour21mxfzlkbjft,15421mxfzlkbjft,11
297,7btfbb9twokldmpeighteight,7btfbb92kldmp88,78
298,98qpzgfourfivefivefive9,98qpzg45559,99
299,eight2sixfmsxhvcshrqhpmxj,826fmsxhvcshrqhpmxj,86
300,threetwosix126,326126,36
301,fourfivesix1foursgbzzfnggoneighttbk,45614sgbzzfngg1ighttbk,41
302,2twojnine5ktbjbcgbsdfivefour,22j95ktbjbcgbsd54,24
303,njbxmqkn3tdthreeeight58,njbxmqkn3td3858,38
304,4zltkpphfiveqmlteightjbklpkmgbhmzt,4zltkpph5qmlt8jbklpkmgbhmzt,48
305,fourxx3,4xx3,43
306,qkgs3eightgnzvnhcdjzjflfsczdonejqbnine6,qkgs38gnzvnhcdjzjflfsczd1jqb96,36
307,3twogqdhbgvqsfour,32gqdhbgvqs4,34
308,618,618,68
309,plknlddeightjhpmhfleightsnszjmsixczhzq6nlrk,plknldd8jhpmhfl8snszjm6czhzq6nlrk,86
310,onesix1sggfxdtxvlnpjllm21,161sggfxdtxvlnpjllm21,11
311,91mfcztmvnqrrxqftwoeight7five,91mfcztmvnqrrxqf2875,95
312,2xdthsq,2xdthsq,22
313,9vlvsrmdsevensix5sxxn8,9vlvsrmd765sxxn8,98
314,jprfqddhp97tbvbtt,jprfqddhp97tbvbtt,97
315,jzdpqqrhsmnhtfhbrjdp2,jzdpqqrhsmnhtfhbrjdp2,22
316,225ln,225ln,25
317,three18eight99three,3188993,33
318,rjsbbkts5zftbxzttrl1,rjsbbkts5zftbxzttrl1,51
319,1hvvhtbgvm95gtcprjgvxcf4,1hvvhtbgvm95gtcprjgvxcf4,14
320,8sjmrkxxbht,8sjmrkxxbht,88
321,dgcgzff9fivethree9,dgcgzff9539,99
322,8sixkgtfhppcvp562,86kgtfhppcvp562,82
323,kptdxhmdlfrlfml2,kptdxhmdlfrlfml2,22
324,2lkssldqgt,2lkssldqgt,22
325,grfkn89ptp36two,grfkn89ptp362,82
326,sixfhddpztzntwofive3,6fhddpztzn253,63
327,kxxcmtseven2,kxxcmt72,72
328,1lbdhrzdnd89qphjhxqntxnine,1lbdhrzdnd89qphjhxqntx9,19
329,grqgmqzfhvksrxgqkb25rjmbllsvzk,grqgmqzfhvksrxgqkb25rjmbllsvzk,25
330,eight4fivefivesix1zkbcmhsql16,845561zkbcmhsql16,86
331,dhdpvclbmnine2sixeightchcz,dhdpvclbm9268chcz,98
332,6ninetwonine,6929,69
333,onepjonehbzsclh83,1pj1hbzsclh83,13
334,4xxzjsqddfxbc29four,4xxzjsqddfxbc294,44
335,zhdrrgdqkx9hns7three,zhdrrgdqkx9hns73,93
336,1zqfkdhhninebstlhseven,1zqfkdhh9bstlh7,17
337,5zxnn9eight1fourvjqsvpn,5zxnn9814vjqsvpn,54
338,one2kdmrrbjhxddxfjqjlxr3one,12kdmrrbjhxddxfjqjlxr31,11
339,nqjghpdmssjbv47zdgbm7,nqjghpdmssjbv47zdgbm7,47
340,bvktwonetwothreefive97skqmlv,bvk2ne23597skqmlv,27
341,nd4onedlvthnsrxfxm8,nd41dlvthnsrxfxm8,48
342,eight6pcntqp2oneeight79eight,86pcntqp218798,88
343,6vjzqcnvksn91khthreesixtwo,6vjzqcnvksn91kh362,62
344,kxncx932mmmfqf,kxncx932mmmfqf,92
345,93546ctxfbhpgxxnlnx,93546ctxfbhpgxxnlnx,96
346,five52,552,52
347,ninevtxblcsbqfzqdqz921,9vtxblcsbqfzqdqz921,91
348,2lqkgmkpcjhsvtnj,2lqkgmkpcjhsvtnj,22
349,v2sixmjktdbtpqgbkcbhvm,v26mjktdbtpqgbkcbhvm,26
350,rxhvtwo2sixfive,rxhv2265,25
351,3one7dffhm9,317dffhm9,39
352,1twofoureighteightjczpmtfpmxf1tfpm,12488jczpmtfpmxf1tfpm,11
353,123,123,13
354,16eightshkfbchsvrrqhjpj,168shkfbchsvrrqhjpj,18
355,sevenfoursevennvxthree49tworzzxtvghkn,747nvx3492rzzxtvghkn,72
356,one1qzskdmrc,11qzskdmrc,11
357,two86cqnhvpnsfourtwo1one,286cqnhvpns4211,21
358,lhxcbcqbrnqvjdlt3znmcbjlfh6,lhxcbcqbrnqvjdlt3znmcbjlfh6,36
359,six8289,68289,69
360,three9onetjzqjzdck1jkfive,391tjzqjzdck1jk5,35
361,eight15jrdrjrs5xtdvm,815jrdrjrs5xtdvm,85
362,two9fourcnjlvxeightvflxm7eight,294cnjlvx8vflxm78,28
363,pd3nine,pd39,39
364,746twoshbngs,7462shbngs,72
365,eight28,828,88
366,pjztfhmvtsixmbbjxfvmpstfpttfive1,pjztfhmvt6mbbjxfvmpstfptt51,61
367,fivevnncxmbfbtkdqrnmdpdxsqbzprsx2seven,5vnncxmbfbtkdqrnmdpdxsqbzprsx27,57
368,oneljtwo5fivefivethreefour3,1lj2555343,13
369,hhzoneightsevenfour5seven9sv,hhz1ight74579sv,19
370,xkhjlkrr6zcnchhmrjh6hngjjzhgq4eightqdpqf,xkhjlkrr6zcnchhmrjh6hngjjzhgq48qdpqf,68
371,3pxcvxkzxlttpsgpk4six,3pxcvxkzxlttpsgpk46,36
372,lpfhfhjshfive96six3,lpfhfhjsh59663,53
373,6rkpkhgjjxrkgldqzvhxmkmfivenine1eight,6rkpkhgjjxrkgldqzvhxmkm5918,68
374,9djnfrqzcldeightoneightkxn,9djnfrqzcld8on8kxn,98
375,7fourone,741,71
376,threethreefourr1four,334r14,34
377,2gcmft,2gcmft,22
378,37four8,3748,38
379,7eightbshnvzbzpxeighteight2three,78bshnvzbzpx8823,73
380,two48pfkmcrkvtfpnine62,248pfkmcrkvtfp962,22
381,qsix8rfmnine425,q68rfm9425,65
382,dhssxzlonesixsevennine9three,dhssxzl167993,13
383,eightzxdpbdjzfx4pseven6,8zxdpbdjzfx4p76,86
384,threesxgsncfmthreetwos867,3sxgsncfm32s867,37
385,four6lkgjqpvqtvvlkmg,46lkgjqpvqtvvlkmg,46
386,8fiveseven,857,87
387,threevhlkdd3,3vhlkdd3,33
388,twofdgdlhmglf2gjrrnhhhfxpkqjxhspclbh,2fdgdlhmglf2gjrrnhhhfxpkqjxhspclbh,22
389,fivecjcgbdct4,5cjcgbdct4,54
390,3mlnbbcgpnvscmg61csix5,3mlnbbcgpnvscmg61c65,35
391,nksxgppxsixsvzxhrqzs9threesix,nksxgppx6svzxhrqzs936,66
392,kghb787jdzpjr68,kghb787jdzpjr68,78
393,ninegpbqfq6ninethreeeightsixseven,9gpbqfq693867,97
394,3eightblxrqctk1llv,38blxrqctk1llv,31
395,llqzqvmr4dcqtv26threethreeseven5,llqzqvmr4dcqtv263375,45
396,6nhzbxeight971fivezmvkvnspj,6nhzbx89715zmvkvnspj,65
397,gvhvninefiveseventwo1bfnvzdc,gvhv95721bfnvzdc,91
398,tz3lhtpftvlgkr7zxqjczcblqcxnbxbvp8,tz3lhtpftvlgkr7zxqjczcblqcxnbxbvp8,38
399,eightppnmdmnlvcqsmlsvvvhk9onetwo5,8ppnmdmnlvcqsmlsvvvhk9125,85
400,48fourthreesevenbjj1eight8,48437bjj188,48
401,5ghflmtwo,5ghflm2,52
402,nineninethreecprnvsvg3dhxhk,993cprnvsvg3dhxhk,93
403,sevenqmmlpdplcmgjtseight5,7qmmlpdplcmgjts85,75
404,sevenksdpnqxfn7vzqg11ninefrrtmncl,7ksdpnqxfn7vzqg119frrtmncl,79
405,162hsvvpjlg76ksbbrxpqnoneightk,162hsvvpjlg76ksbbrxpqn1ightk,11
406,2733,2733,23
407,vlhzdjxd55,vlhzdjxd55,55
408,three48nine,3489,39
409,6mtkftqtmbf,6mtkftqtmbf,66
410,4three3eight3eight4one3,433838413,43
411,1glmnzhgzzvfn235four,1glmnzhgzzvfn2354,14
412,5seven4hqsjsft9cdfhfccfmbfhteight,574hqsjsft9cdfhfccfmbfht8,58
413,bv7eight1skmkdtbx,bv781skmkdtbx,71
414,524blmgfivesixhhpv,524blmg56hhpv,56
415,57eight79fpmznfjjdckxkjqvk8one,57879fpmznfjjdckxkjqvk81,51
416,six3ttcnzvqhkltbnrrjm,63ttcnzvqhkltbnrrjm,63
417,dpttv5nine4one,dpttv5941,51
418,three3threejpcpzshhrr31one2njhjb,333jpcpzshhrr3112njhjb,32
419,hlhlclcjnnjfourtgxqsxqtgrprvcslsm2,hlhlclcjnnj4tgxqsxqtgrprvcslsm2,42
420,6seven257eight,672578,68
421,8ksixfflvxzvhmfninepgq3five,8k6fflvxzvhmf9pgq35,85
422,lncgmjnx14fourrnpfhfmhqkgkr5five,lncgmjnx144rnpfhfmhqkgkr55,15
423,sixsixseven1seventhreegkjfkznkqhlhk,667173gkjfkznkqhlhk,63
424,sevenzbcpkjkcjq2,7zbcpkjkcjq2,72
425,smsdpfourgpxnine8five,smsdp4gpx985,45
426,fxhdt3deight,fxhdt3d8,38
427,7htrrjvtworninebtgkdnbt2five,7htrrjv2r9btgkdnbt25,75
428,qphmdxgzfiveonemxkx3,qphmdxgz51mxkx3,53
429,1drgktkjcq7mnnxnsixkfhkrf,1drgktkjcq7mnnxn6kfhkrf,16
430,two7c,27c,27
431,43eighttdcnpqldvd,438tdcnpqldvd,48
432,4onevnfd,41vnfd,41
433,fltqvxksjrn7,fltqvxksjrn7,77
434,six4p5nvfsjdxbfszpxmttcqgqghcczmlz,64p5nvfsjdxbfszpxmttcqgqghcczmlz,65
435,8twojseven4,82j74,84
436,7mcgkthree4nvqqnjkzcqjt,7mcgk34nvqqnjkzcqjt,74
437,nine5onepjmghlc3one7sixone,951pjmghlc31761,91
438,4hdone2onezrpnt6,4hd121zrpnt6,46
439,qcdttnqdtdt6,qcdttnqdtdt6,66
440,tkrztgn1four4eight66,tkrztgn144866,16
441,djvbrczzqj9nine7vfcctvjqdnmsixkeight,djvbrczzqj997vfcctvjqdnm6k8,98
442,44htbnmgvxtznzlzfhtwo93,44htbnmgvxtznzlzfh293,43
443,3xpmx4,3xpmx4,34
444,6sixnine,669,69
445,5hqqspvrzrxqr2eight,5hqqspvrzrxqr28,58
446,ninemgkhcdtfpz2,9mgkhcdtfpz2,92
447,3threetwofive4,33254,34
448,6njcmnlkrcf,6njcmnlkrcf,66
449,gnfxzcxhvbxpc4,gnfxzcxhvbxpc4,44
450,pd41seven,pd417,47
451,91jvrhxgzrzq4fxcqsixdtnnr,91jvrhxgzrzq4fxcq6dtnnr,96
452,fivehspkhfour4threefourseven,5hspkh44347,57
453,8fiveninegcgkpkone4,859gcgkpk14,84
454,6jrk,6jrk,66
455,4one7sevennrtrdltwo,4177nrtrdl2,42
456,thhsjklkq81eightthreeseven,thhsjklkq81837,87
457,ltzdlltggeight5eightzrbvrh,ltzdlltgg858zrbvrh,88
458,sixninem48onespjtjrszk,69m481spjtjrszk,61
459,7hrnvkdslhb,7hrnvkdslhb,77
460,76sixvfcdjhgqpccsksfour2hfjccbplzthree,766vfcdjhgqpccsks42hfjccbplz3,73
461,437ndgtxtwo,437ndgtx2,42
462,5xv5eight,5xv58,58
463,npsmnhzghsrpkrm7,npsmnhzghsrpkrm7,77
464,9four94,9494,94
465,sixpcgj2nine1frhfn8,6pcgj291frhfn8,68
466,51,51,51
467,sdq8cgphzvqffsljtxlxlc5txqnsfdrmn,sdq8cgphzvqffsljtxlxlc5txqnsfdrmn,85
468,ninelxdnzqlsevenj8sixtpxrpfive,9lxdnzql7j86tpxrp5,95
469,7hcczrfthqkthr39six,7hcczrfthqkthr396,76
470,fivesixdkqdnfq9,56dkqdnfq9,59
471,5n9threertlbqxtj,5n93rtlbqxtj,53
472,5threeseven,537,57
473,mqdptrrhxz9threefour,mqdptrrhxz934,94
474,two2two6,2226,26
475,vlkzqbztvnbprdc94one4one9,vlkzqbztvnbprdc941419,99
476,xxcfhgkbss94four3nineseven,xxcfhgkbss944397,97
477,jlnhmvgczmninefives8,jlnhmvgczm95s8,98
478,eightoneeightjsixfhkxphlj57,818j6fhkxphlj57,87
479,vpg3fourtwo1,vpg3421,31
480,lnineone31jsmeight,l9131jsm8,98
481,45srsljgdfivezvrdmntmb,45srsljgd5zvrdmntmb,45
482,three6onelrnmnmqpcn4,361lrnmnmqpcn4,34
483,twozcjvvcdv7xdql993,2zcjvvcdv7xdql993,23
484,71fourtwonejpm,7142nejpm,72
485,one4one56bnhf,14156bnhf,16
486,twohssdrcsklone8six,2hssdrcskl186,26
487,7tcjkcchbpggpk1rddpdgvpgzm5,7tcjkcchbpggpk1rddpdgvpgzm5,75
488,7eight7fmqpzrjlcctjvhrdcjgm2mgkqrbdcmzlzngbkqlj1,787fmqpzrjlcctjvhrdcjgm2mgkqrbdcmzlzngbkqlj1,71
489,fvb4four,fvb44,44
490,rvqhqhb7kdsrmcc,rvqhqhb7kdsrmcc,77
491,pdklstjsevenfive6,pdklstj756,76
492,gsglqtpj5lmbcfxchmjnbvhpcvbssx,gsglqtpj5lmbcfxchmjnbvhpcvbssx,55
493,hgjlmklngdk4zpkfbhmzcmzcjsmfkghdttfb,hgjlmklngdk4zpkfbhmzcmzcjsmfkghdttfb,44
494,586ninesixsixvfbveight,586966vfbv8,58
495,hrvthreeninesix58,hrv39658,38
496,pxmg4threevhrrsbfrck654,pxmg43vhrrsbfrck654,44
497,1p5eightonesixhbjbxgjb,1p5816hbjbxgjb,16
498,four6eight2sevenbtgfkkzcm8lxstnvfbz,46827btgfkkzcm8lxstnvfbz,48
499,c4bqc,c4bqc,44
500,12mmrlfnsxtpfncc3,12mmrlfnsxtpfncc3,13
501,five7eightkvdghfvcrgsevenfivenngqmzh4,578kvdghfvcrg75nngqmzh4,54
502,5onefourtwopgnhsfrpfourtwonineqfhrz,5142pgnhsfrp429qfhrz,59
503,sixzpzk1,6zpzk1,61
504,five45,545,55
505,gjfpvjvqhpfrrjpddqfbvdpjj8twoqfvkfkvpqzcjvrqn,gjfpvjvqhpfrrjpddqfbvdpjj82qfvkfkvpqzcjvrqn,82
506,czqxtqbxpjt9fourqdcdcfourseven2six,czqxtqbxpjt94qdcdc4726,96
507,8gmgfsktkxmfourqfshsqvqjx,8gmgfsktkxm4qfshsqvqjx,84
508,qjdfggfhtfnine38sevenrvslgljqrpeight,qjdfggfhtf9387rvslgljqrp8,98
509,7five6pxhrxcvzsixmcqvjp31nine,756pxhrxcvz6mcqvjp319,79
510,drvdnptcltnmxxtjvslq98,drvdnptcltnmxxtjvslq98,98
511,fiveqttmkpkrxzngddzsncjlsevenone6,5qttmkpkrxzngddzsncjl716,56
512,crlldnmx9rpx3,crlldnmx9rpx3,93
513,8tqcfour2vbznhzzzl,8tqc42vbznhzzzl,82
514,9vdtxfbgrqzsix16,9vdtxfbgrqz616,96
515,7sixrjpcfdv9twothree9dqjlgkbmb,76rjpcfdv9239dqjlgkbmb,79
516,eightfourvzxckjqbm6tdbthhsnjr,84vzxckjqbm6tdbthhsnjr,86
517,9bnqfmkxlkj4,9bnqfmkxlkj4,94
518,62tskjsixtwonine,62tskj629,69
519,foureight6gqkdstfivef,486gqkdst5f,45
520,seventhreesevencqj12,737cqj12,72
521,rqfq6rtcvjjqnmk9gvvttbpnbgvjcmmph8,rqfq6rtcvjjqnmk9gvvttbpnbgvjcmmph8,68
522,5zngdplj93seventqlknninesix,5zngdplj937tqlkn96,56
523,fourgnqdcrgsznk8xknsrmd8qpxxm,4gnqdcrgsznk8xknsrmd8qpxxm,48
524,vgslbcnlpk74dfskqgsp,vgslbcnlpk74dfskqgsp,74
525,qmbnjllvvs1fbjslc4onegthree,qmbnjllvvs1fbjslc41g3,13
526,z82sdgvgktzfive,z82sdgvgktz5,85
527,fourdmxcqmstvj7jgzjkfxjntt5cxhchtglmfive9,4dmxcqmstvj7jgzjkfxjntt5cxhchtglm59,49
528,npnfivep2three1tlcctmfp,npn5p231tlcctmfp,51
529,mptzvjmfourfive4three,mptzvjm4543,43
530,onelkcmzninefbmgnfghsix3cgpzd,1lkcmz9fbmgnfgh63cgpzd,13
531,jbshqrc5nbjhktdqmtwotwoxpffrlzxbsix3,jbshqrc5nbjhktdqm22xpffrlzxb63,53
532,9threefive1threenclhfgrzxl9mnlmcckvnd,93513nclhfgrzxl9mnlmcckvnd,99
533,4231,4231,41
534,1366,1366,16
535,one9blcprdq,19blcprdq,19
536,two9two2tdmhtcq13gspmmkrb,2922tdmhtcq13gspmmkrb,23
537,eighteightfiveeightjthjbgjm5hpqtbtrfour7,8858jthjbgjm5hpqtbtr47,87
538,jsjninevmtdscxftwolzfqpbx2gdnflhpvlvtt,jsj9vmtdscxf2lzfqpbx2gdnflhpvlvtt,92
539,fivegjxkbzdtj6four5,5gjxkbzdtj645,55
540,3oneone,311,31
541,8gkmzrfhvchfs78jxbtbvgj4,8gkmzrfhvchfs78jxbtbvgj4,84
542,5two89fzrvnkmkgt,5289fzrvnkmkgt,59
543,53four884seven,5348847,57
544,five5hbxqmfccfivefourfourfour3,55hbxqmfcc54443,53
545,onepbsevenbsgvmgf78875,1pb7bsgvmgf78875,15
546,4fivempxjjpjdgzfkqhqdrrz,45mpxjjpjdgzfkqhqdrrz,45
547,7vqj,7vqj,77
548,twovnnknngstnine8,2vnnknngst98,28
549,four7twofourqddvxkzvvgzrrvlthreekflqh,4724qddvxkzvvgzrrvl3kflqh,43
550,vcbmfspdq1jone2two1,vcbmfspdq1j1221,11
551,eightsixjgfjrsszgmvbdnbqrpzpps6,86jgfjrsszgmvbdnbqrpzpps6,86
552,6eightwomm,68womm,68
553,hgjjltvnsd39nbxdgfpgjl,hgjjltvnsd39nbxdgfpgjl,39
554,jfour16xmrdzq,j416xmrdzq,46
555,1jgrkhmjbeight,1jgrkhmjb8,18
556,lhsdll94kccmdhtwozxlfkrmpxksixthreetwo,lhsdll94kccmdh2zxlfkrmpxk632,92
557,zmtdfour8,zmtd48,48
558,9eightqcpmp8threesevenfive,98qcpmp8375,95
559,sftwonenrzbrvmqjp6br3,sf2nenrzbrvmqjp6br3,23
560,tgqoneighteightsevenonethreesevennpk4qsffx,tgq1ight87137npk4qsffx,14
561,dkhqbdnchvfiveeighttwo2fourfthgrgl,dkhqbdnchv58224fthgrgl,54
562,brfivefive1mlfxznfourfourfive,br551mlfxzn445,55
563,dlpqtdpgsevenvzkzljds4three,dlpqtdpg7vzkzljds43,73
564,tzcvrf1srrjxlhszsixsix89l,tzcvrf1srrjxlhsz6689l,19
565,blbnntbjzsixthree44one,blbnntbjz63441,61
566,rmppdzntgjtdone1shsevenfive,rmppdzntgjtd11sh75,15
567,dpfdbjtv8,dpfdbjtv8,88
568,two19nhtbktfk,219nhtbktfk,29
569,4hbkvbrnpxsevensix,4hbkvbrnpx76,46
570,jccqhkonetwo6twotlmbfmvbz,jccqhk1262tlmbfmvbz,12
571,4fouronegbx9,441gbx9,49
572,6xhfxfnmmoneightp,6xhfxfnmm1ightp,61
573,lnmmkfntxdsghsxzxkf279,lnmmkfntxdsghsxzxkf279,29
574,xjdg92ninethreepglp221,xjdg9293pglp221,91
575,seventhree4xmzxp21bdssnzqnrthreefive,734xmzxp21bdssnzqnr35,75
576,196,196,16
577,rgd4,rgd4,44
578,vlmfjrrmpd2two7sevenqrzcrhhvgpvksqh85,vlmfjrrmpd2277qrzcrhhvgpvksqh85,25
579,71sixfour,7164,74
580,sixnine5jfconesevenfournine,695jfc1749,69
581,5fourfour96hqphnjrmfhsix,54496hqphnjrmfh6,56
582,nshzgrhveight8oneightrhg,nshzgrhv88on8rhg,88
583,two5c9,25c9,29
584,dgkvzfzd1,dgkvzfzd1,11
585,888ninedvdslkfkf,8889dvdslkfkf,89
586,fxmd1qfjnpbhrkhptrp,fxmd1qfjnpbhrkhptrp,11
587,lnmh48sevenfiveclptstdd5,lnmh4875clptstdd5,45
588,zgjbxpgpnlseven6ffjcjjfck,zgjbxpgpnl76ffjcjjfck,76
589,seven2rmcdrsix,72rmcdr6,76
590,jggjjpj4eightczcngxm3nineone,jggjjpj48czcngxm391,41
591,tworrgbm31mbhkfhndvb,2rrgbm31mbhkfhndvb,21
592,szkfqfbknv54fiveninesixsevenseven,szkfqfbknv5459677,57
593,three3six27,33627,37
594,rf376,rf376,36
595,7clbr1999,7clbr1999,79
596,xlmfbvseven71nhddnq,xlmfbv771nhddnq,71
597,nmpgsvzq2jkfoureight6fourhzhzxkseven,nmpgsvzq2jk4864hzhzxk7,27
598,5344two1bkxdtwo,534421bkxd2,52
599,six8dnql4zjd641,68dnql4zjd641,61
600,4fourmngrflsix2two,44mngrfl622,42
601,2tthglxfourfivenpvrqcsrzkfkcqq,2tthglx45npvrqcsrzkfkcqq,25
602,njrfive4,njr54,54
603,633qdvsmlsv2,633qdvsmlsv2,62
604,seven79oneceightljnkxdsvxrgg,7791c8ljnkxdsvxrgg,78
605,onefourzlrvctmc663,14zlrvctmc663,13
606,27jznqcz861,27jznqcz861,21
607,sixone6twoeight,61628,68
608,9fivethree75ffldxglvtone,95375ffldxglvt1,91
609,68onesxzcksgm6,681sxzcksgm6,66
610,rpphzspvq8zznrthcdsmvmfbgninefour6six,rpphzspvq8zznrthcdsmvmfbg9466,86
611,5drvndprrvh178,5drvndprrvh178,58
612,5threeone3eightthreedmtkpjtmq,531383dmtkpjtmq,53
613,two9fzfxseveneightthree,29fzfx783,23
614,6xbqvhlbeightsgsjbtqcg,6xbqvhlb8sgsjbtqcg,68
615,seven9twofiveseven,79257,77
616,sixtwo87pnltrpkndfttxthpkhjninetxqtcdfxkg,6287pnltrpkndfttxthpkhj9txqtcdfxkg,69
617,fivethree2five4688seven,532546887,57
618,2fqmcqdbdzfzjn8sixfournrclzsseven6,2fqmcqdbdzfzjn864nrclzs76,26
619,9sevensevenxbpljmfsevenone,977xbpljmf71,91
620,five98seven3,59873,53
621,threexpnxsveightone5nqqcd,3xpnxsv815nqqcd,35
622,27eight8,2788,28
623,eight1six2one2htb,816212htb,82
624,twoeight4bhlvvksqqgqone2eight,284bhlvvksqqgq128,28
625,lbroneightthree3ninefournine,lbr1ight33949,19
626,4ctwo7,4c27,47
627,fhjpvtwo981foureight,fhjpv298148,28
628,pjffszkdkdg3sevencbh4twothreenine,pjffszkdkdg37cbh4239,39
629,12vljtwo,12vlj2,12
630,bldmronetwo33four,bldmr12334,14
631,jjmcmjmf9fbffcpnp9ptxfptz6vjmbrx,jjmcmjmf9fbffcpnp9ptxfptz6vjmbrx,96
632,snine9kxkxpkk2two,s99kxkxpkk22,92
633,4eightfive1ftqzsfqgmdcnmrdpthreefivevsdfjt,4851ftqzsfqgmdcnmrdp35vsdfjt,45
634,lfjnvmm9,lfjnvmm9,99
635,ninethpqntwothreeeight4,9thpqn2384,94
636,8qcplzvqzrlzlznjlvltcbslthree,8qcplzvqzrlzlznjlvltcbsl3,83
637,eighttgqrvm5twoksr37nine,8tgqrvm52ksr379,89
638,2fourprchr53three,24prchr533,23
639,qnmkxnhm5ninetwotwoksbnvtqs,qnmkxnhm5922ksbnvtqs,52
640,fourdngcgnnfiveonethree8four9,4dngcgnn513849,49
641,two3kzmrhsdqtfivefourns48eight,23kzmrhsdqt54ns488,28
642,grclfxj4nblzccrfrcctwo83,grclfxj4nblzccrfrcc283,43
643,llvcskkmhzrbzvfd1five,llvcskkmhzrbzvfd15,15
644,8sixnine3,8693,83
645,16kpsgmcffhdmrqpnmthree,16kpsgmcffhdmrqpnm3,13
646,1qkkpbptccqg5fivethree99,1qkkpbptccqg55399,19
647,four5zslbrzjfvcl9trcnkfdkvrthree,45zslbrzjfvcl9trcnkfdkvr3,43
648,kv2,kv2,22
649,5pxtjhltvxmczx25dtktone,5pxtjhltvxmczx25dtkt1,51
650,rsjxvln27cvkk,rsjxvln27cvkk,27
651,five88three2fourbhmpcthreehxk,588324bhmpc3hxk,53
652,one8six,186,16
653,sevensix5sixlqthreenzsphnxbjtksk,7656lq3nzsphnxbjtksk,73
654,lmq8fivefiveseven8fvt,lmq85578fvt,88
655,lrshhmlgcxdtq87,lrshhmlgcxdtq87,87
656,fivexmgsixsix282,5xmg66282,52
657,4sczfdpsix54four,4sczfdp6544,44
658,2vxonehqfcvdvxrr,2vx1hqfcvdvxrr,21
659,9seven7five,9775,95
660,27xkkmp5qone3four,27xkkmp5q134,24
661,jdjjdjr6lgpgszz,jdjjdjr6lgpgszz,66
662,two87sevensixtwofive7qktfvch,28776257qktfvch,27
663,86fiveninetwo37,8659237,87
664,zjxlcjthree3ninefive76fiveeight,zjxlcj33957658,38
665,9rczvmthplvpxhxt1vgf2fzgg,9rczvmthplvpxhxt1vgf2fzgg,92
666,4nineplxfourtwoseven1lzh6,49plx4271lzh6,46
667,twothreelmvmhkndcrlvggsqfq2xzksfhgsix1,23lmvmhkndcrlvggsqfq2xzksfhg61,21
668,njfknspt14hfpsxdpninerdzklfg8,njfknspt14hfpsxdp9rdzklfg8,18
669,qsbeightwolczzd9vblksgxrxdseven9two,qsb8wolczzd9vblksgxrxd792,82
670,8fourseven8five6cnfrcvpnhvttq,847856cnfrcvpnhvttq,86
671,nlstwonevgqvzg3fdllsqktqf7cgsvfjhzmfffntvkln,nls2nevgqvzg3fdllsqktqf7cgsvfjhzmfffntvkln,27
672,glvmzeightonesix85xrfvt2,glvmz81685xrfvt2,82
673,5cmlnbrtwo,5cmlnbr2,52
674,one6mp82twoeightfour3,16mp822843,13
675,six11nqvlrrpxhr,611nqvlrrpxhr,61
676,hj95dtrpdkgsevencccfxqlxfour,hj95dtrpdkg7cccfxqlx4,94
677,7frxlq4two4seven6,7frxlq42476,76
678,four6cpkgghfxgfour9fivefour,46cpkgghfxg4954,44
679,lsix1sixthreeeight1cxnnqqhxxk,l616381cxnnqqhxxk,61
680,zkntsdftthreejk16,zkntsdft3jk16,36
681,nine2c,92c,92
682,9czbtsl,9czbtsl,99
683,5jqxkskkkzdvznine,5jqxkskkkzdvz9,59
684,7two9,729,79
685,lfssrfourv363vtbjnxj,lfssr4v363vtbjnxj,43
686,9fourdpcrxtxnvklltlnsheighttwoqzhnrgheight,94dpcrxtxnvklltlnsh82qzhnrgh8,98
687,twotwo2jh4431nine,222jh44319,29
688,57nine19xj11,57919xj11,51
689,8sevencone5seven,87c157,87
690,xz4sixtnnklcvjfdq,xz46tnnklcvjfdq,46
691,15nine,159,19
692,kqtsqznbctwo7vhzfsf987six,kqtsqznbc27vhzfsf9876,26
693,6fournine6rsbdsp2qrrnnvqreight2,6496rsbdsp2qrrnnvqr82,62
694,4fr,4fr,44
695,hpfllcmjjbbtbfive2sevenmgfvrgbhxmjbxrh,hpfllcmjjbbtb527mgfvrgbhxmjbxrh,57
696,8nrsix,8nr6,86
697,mxrgrhtsfvtzxqlt8vspfive9fourgpkpnhsj7,mxrgrhtsfvtzxqlt8vsp594gpkpnhsj7,87
698,f6892fourzjgk7three,f68924zjgk73,63
699,xzxnlvgbgninenine49two,xzxnlvgbg99492,92
700,eightzjtdkvnmnvone2fzhkqzzthree6,8zjtdkvnmnv12fzhkqzz36,86
701,six259mtjninerfourkmlg,6259mtj9r4kmlg,64
702,sixthreepflrvthree5dsrppdzgb,63pflrv35dsrppdzgb,65
703,one882three,18823,13
704,mtmb8ninenpxtfkchcztwompfcjkmnh,mtmb89npxtfkchcz2mpfcjkmnh,82
705,128sevenbeightsixphngd,1287b86phngd,16
706,qx2,qx2,22
707,1flktj7,1flktj7,17
708,six4nine76kcc68one,64976kcc681,61
709,48lvjfsfmgnine,48lvjfsfmg9,49
710,fmkmvmrrcgeight32three535dl,fmkmvmrrcg8323535dl,85
711,one7one,171,11
712,5jlscrmvnvtwonine,5jlscrmvnv29,59
713,3ls,3ls,33
714,eight86,886,86
715,xphtwonefourspczfive9seven6,xph2ne4spcz5976,26
716,four9g,49g,49
717,tmjtfgrddj9seveneightsixninekzqtwo7,tmjtfgrddj97869kzq27,97
718,sxvgv3,sxvgv3,33
719,qvrsvlfvpg99,qvrsvlfvpg99,99
720,22qztqxlbjtznfdgcngprx3eight,22qztqxlbjtznfdgcngprx38,28
721,2fiveseven,257,27
722,76jbmlnine1fourtwohsptzfour,76jbml9142hsptz4,74
723,p6ffvh6vzqdglghnfgpdd,p6ffvh6vzqdglghnfgpdd,66
724,sixone9,619,69
725,five6grzlghcztrtjqpncr3lpjstpmcvfvxpnthree,56grzlghcztrtjqpncr3lpjstpmcvfvxpn3,53
726,8zkgnine,8zkg9,89
727,onedlnmzkzh46sixsix,1dlnmzkzh4666,16
728,hcmqknkmzrfnchs5vrjbdqvshvtwonev,hcmqknkmzrfnchs5vrjbdqvshv2nev,52
729,twoqnzpmzbgxm6,2qnzpmzbgxm6,26
730,89nmgdvvzgmvsfxpbc155six7,89nmgdvvzgmvsfxpbc15567,87
731,dhqnjmtzh6bhjnrktjh,dhqnjmtzh6bhjnrktjh,66
732,one4sdcnk,14sdcnk,14
733,qkrsblxng61fzqfcjrjnfndzg,qkrsblxng61fzqfcjrjnfndzg,61
734,8fsklvmcsixgdqvkgcqd,8fsklvmc6gdqvkgcqd,86
735,onefiveeightpt2,158pt2,12
736,395lqvmp1,395lqvmp1,31
737,7htxhxzxkonesixdlpvnfbcrrgmx4lzpnjxj,7htxhxzxk16dlpvnfbcrrgmx4lzpnjxj,74
738,xdf8seven3223,xdf873223,83
739,cmsfivebtn9vtwojmcsix,cms5btn9v2jmc6,56
740,92mntfpfseven,92mntfpf7,97
741,2sixdsdlgvrzbseightqzmdghdvc6,26dsdlgvrzbs8qzmdghdvc6,26
742,fourgkncjh8onethreemzpnpx,4gkncjh813mzpnpx,43
743,five9pfmbbffcfc9threepdkjxtone,59pfmbbffcfc93pdkjxt1,51
744,2lrpmpfzceightzrglddshdfour,2lrpmpfzc8zrglddshd4,24
745,xhgxmvclgvone2,xhgxmvclgv12,12
746,dlcrxnsix9onesixszqbqbxqfgjgsgsix,dlcrxn6916szqbqbxqfgjgsg6,66
747,939one4ppp,93914ppp,94
748,5onessszzgf9hpzmpjctql,51ssszzgf9hpzmpjctql,59
749,9ninesix79,99679,99
750,szbrmlbzxp8cqsgkqnz2four,szbrmlbzxp8cqsgkqnz24,84
751,vbddlztfkqzb8fivethreeone9,vbddlztfkqzb85319,89
752,7four5,745,75
753,2zccllppptfour6,2zccllpppt46,26
754,2twotwosevennine6fbccsix,222796fbcc6,26
755,7txcxone4onercgzkskvhlfffive,7txcx141rcgzkskvhlff5,75
756,six4ninexzlnfivekgqggbmkcmqeight,649xzln5kgqggbmkcmq8,68
757,27fourone,2741,21
758,12ljvnmlzbgfkccmqmgkrlccfgk,12ljvnmlzbgfkccmqmgkrlccfgk,12
759,twovgvzxzcfxjdrxbj96bbxvnnnine,2vgvzxzcfxjdrxbj96bbxvnn9,29
760,363,363,33
761,six1vkcbcpmxtvlksxxjz2btzscsct,61vkcbcpmxtvlksxxjz2btzscsct,62
762,5ninetdrhxk6qgfive7,59tdrhxk6qg57,57
763,srlvrshx8one,srlvrshx81,81
764,2oneightg,21ightg,21
765,pvflfr73eighteightprthree,pvflfr7388pr3,73
766,nmeightwo6,nm8wo6,86
767,3three858rvdfxvrmpxhn,33858rvdfxvrmpxhn,38
768,five8fourtwonineseventnjgmnrjdj,584297tnjgmnrjdj,57
769,two9ffcstwo5pq9nine3,29ffcs25pq993,23
770,79onecscxpbrfoursix5five,791cscxpbr4655,75
771,fivemlfbzxczbsixkjgrxjxfourtwo6,5mlfbzxczb6kjgrxjx426,56
772,nmtqf7onescmbq,nmtqf71scmbq,71
773,jflnldgfknsxhmmvmtvmgprsbrdglmpxsdn5,jflnldgfknsxhmmvmtvmgprsbrdglmpxsdn5,55
774,hnb4lxnineeightoneeight,hnb4lx9818,48
775,ttshkjxgsdqzjvsvq2fivertgmqplkone,ttshkjxgsdqzjvsvq25rtgmqplk1,21
776,bvknfivethree4ninemztfvcszdhdghgc,bvkn5349mztfvcszdhdghgc,59
777,91sbfbpxhkkndhnhdjsevenonehxglqqfxdkjp3,91sbfbpxhkkndhnhdj71hxglqqfxdkjp3,93
778,qzbqpxvtwo5eight,qzbqpxv258,28
779,frcgeight5onefivesix78xltkhzx,frcg8515678xltkhzx,88
780,248sbtpeighttwozncmmp1vtmndj,248sbtp82zncmmp1vtmndj,21
781,mczxcone918ninetwo1two,mczxc19189212,12
782,nvhmdc1prjgfknkc5five,nvhmdc1prjgfknkc55,15
783,7seven9mdbcjbgx,779mdbcjbgx,79
784,5fivephqnc,55phqnc,55
785,seven1gthg,71gthg,71
786,9xbzmrth,9xbzmrth,99
787,xxhzgnmtv891two2npv,xxhzgnmtv89122npv,82
788,eight171,8171,81
789,9rnjvzmsix3rkjbmdv,9rnjvzm63rkjbmdv,93
790,93oneightxtk,931ightxtk,91
791,mkmbfour8,mkmb48,48
792,twoxbnonefiverx6mjkkfktdxx,2xbn15rx6mjkkfktdxx,26
793,ninehrvrcpxfxbzvrtwo1zhbzone,9hrvrcpxfxbzvr21zhbz1,91
794,three8tps19mqcmchone,38tps19mqcmch1,31
795,m466zcczxcghqzqlshhzhbkxkm6,m466zcczxcghqzqlshhzhbkxkm6,46
796,vroneight4eight9seven4two46,vr1ight48974246,16
797,seven5sevensixtwoseveneighttwo,75762782,72
798,snxjjttqxkcs6jvlb,snxjjttqxkcs6jvlb,66
799,5six8,568,58
800,pcqpzp6six51,pcqpzp6651,61
801,six2twothree4zjgcsgmjhjsix,62234zjgcsgmjhj6,66
802,tcks16,tcks16,16
803,4jgprfrphdhp52nssrhkfgzhzbvddbtctk9xv,4jgprfrphdhp52nssrhkfgzhzbvddbtctk9xv,49
804,fivesix8one,5681,51
805,6onermrhxdqbbcdh,61rmrhxdqbbcdh,61
806,jst7ldbfkdkzkvzpqbtxvvcfvkzsrf9eight6,jst7ldbfkdkzkvzpqbtxvvcfvkzsrf986,76
807,nine3three9,9339,99
808,krmjjfrsixsixfqp2,krmjjfr66fqp2,62
809,7gkdlgbdln9jqvzfjq,7gkdlgbdln9jqvzfjq,79
810,eighthfslbhxgcbqbldxn9,8hfslbhxgcbqbldxn9,89
811,1fivesevenj9,157j9,19
812,9trldgsznqlkthreetdmfbxbzhdcskv6kbfour,9trldgsznqlk3tdmfbxbzhdcskv6kb4,94
813,556qvdmncnkfccnqnkxlslmv,556qvdmncnkfccnqnkxlslmv,56
814,shc27,shc27,27
815,knmhrbkpseventhree715vtnrnpmrnb,knmhrbkp73715vtnrnpmrnb,75
816,tsnlnmxg5cnxshnmffive,tsnlnmxg5cnxshnmf5,55
817,4fourllsqvbfive254,44llsqvb5254,44
818,stfivezzjhltsfsix83nineq,st5zzjhltsf6839q,59
819,six4five,645,65
820,four13,413,43
821,89qcgfqtsdcmktmctwo2seven9tqlbffgrjg,89qcgfqtsdcmktmc2279tqlbffgrjg,89
822,8five6,856,86
823,4three3,433,43
824,59twosplbcrzmgtdrjmrhmhthreetwo4,592splbcrzmgtdrjmrhmh324,54
825,dlm538nine,dlm5389,59
826,pgsixtdtxsrteightnine9fjcvpnxzgfcjggjgmr,pg6tdtxsrt899fjcvpnxzgfcjggjgmr,69
827,9rksix3seven4twoeight,9rk637428,98
828,7bzvgmkr5fivezrhpknpkdfournine,7bzvgmkr55zrhpknpkd49,79
829,cbsdlrqsixtwofour1twonffm,cbsdlrq62412nffm,62
830,59ndhbj,59ndhbj,59
831,gblgkrdtffkcsdthreejbbggninesevenzkrsnm5,gblgkrdtffkcsd3jbbgg97zkrsnm5,35
832,kftmd5,kftmd5,55
833,fourdnvkx84clrnbpftqj6rkdvt,4dnvkx84clrnbpftqj6rkdvt,46
834,fournine76bzf59,4976bzf59,49
835,threevhrkzrvbqkfqn26,3vhrkzrvbqkfqn26,36
836,one9sevensix32bbpvvvt,197632bbpvvvt,12
837,8zhnptsl16vkv,8zhnptsl16vkv,86
838,vslkvkffs2fdcvtngkgtdvzzgplvs11,vslkvkffs2fdcvtngkgtdvzzgplvs11,21
839,twoqmtnnnftnhqb2sixzqzqfmbrqj6,2qmtnnnftnhqb26zqzqfmbrqj6,26
840,nineoneggqtf1l72,91ggqtf1l72,92
841,7264eightsrjdmhhlfthmglmvgpthree,72648srjdmhhlfthmglmvgp3,73
842,eightsixsevenone3,86713,83
843,9rlkvhq1threevnqzkpfive4,9rlkvhq13vnqzkp54,94
844,16three,163,13
845,cksqzvzct63fvbcqtr,cksqzvzct63fvbcqtr,63
846,xlq4three6vfxn8eightwoq,xlq436vfxn88woq,48
847,seven3fbhrdgft23onesixpffgmptzxj,73fbhrdgft2316pffgmptzxj,76
848,fiveone9fmkgxz6thb2,519fmkgxz6thb2,52
849,5vsksrdnrtzqzxkhjxfcsnine,5vsksrdnrtzqzxkhjxfcs9,59
850,eightfivesix77tnlktpb,85677tnlktpb,87
851,threeeight11lhc6fivex,3811lhc65x,35
852,1seven36,1736,16
853,ljhbgqdb9cmpjzzct,ljhbgqdb9cmpjzzct,99
854,sevensdnfvp1,7sdnfvp1,71
855,bzvfsgdhg7p,bzvfsgdhg7p,77
856,8z8fivefivefrlfeighttwo,8z855frlf82,82
857,fivelqkmsjstqn93foursnkqthreetwo,5lqkmsjstqn934snkq32,52
858,bjbnjkpr83,bjbnjkpr83,83
859,5sixseven,567,57
860,843lxtfgzrg,843lxtfgzrg,83
861,19xzqmptgslgfxdlvone8,19xzqmptgslgfxdlv18,18
862,qvs9ninetwotfivetwofivefour,qvs992t5254,94
863,3two7177gchxqndqb2,327177gchxqndqb2,32
864,pclgmslngmhninegktmlrvmvbrb1five,pclgmslngmh9gktmlrvmvbrb15,95
865,twosix7fivekcstvdpksn6,2675kcstvdpksn6,26
866,one8lgrcj987sixthree5,18lgrcj987635,15
867,3fnjpnhxh,3fnjpnhxh,33
868,ninefive8slfz4,958slfz4,94
869,threetwonnxdmnpftn9cjkglxp97,32nnxdmnpftn9cjkglxp97,37
870,4one5two8,41528,48
871,8h672smmqm6nine,8h672smmqm69,89
872,qsddxqjbxvjlrmlsfxqjptp8twofourkddx,qsddxqjbxvjlrmlsfxqjptp824kddx,84
873,eightxdlqtltjbccnqkcsgvbcpvrltjfourone8nine,8xdlqtltjbccnqkcsgvbcpvrltj4189,89
874,zvhfiveeightpxmhfsixmfjnsrfncl1,zvh58pxmhf6mfjnsrfncl1,51
875,891,891,81
876,twospnzhxsix5twopsgxhcpgkdthree8,2spnzhx652psgxhcpgkd38,28
877,twosix4vvznbz34xbglgczpcd3,264vvznbz34xbglgczpcd3,23
878,bkhgn2,bkhgn2,22
879,kggbsfour2kcrfbxcscd9lgmthree2,kggbs42kcrfbxcscd9lgm32,42
880,sixxbzmknzt7fourhmhnmgfivezclrhtgshtwo,6xbzmknzt74hmhnmg5zclrhtgsh2,62
881,8txhbgvfjfhsjfivegxshndv3nine1,8txhbgvfjfhsj5gxshndv391,81
882,jeightwosix46splstbtjtthree,j8wo646splstbtjt3,83
883,55tmflknjjqmrvjtwo,55tmflknjjqmrvj2,52
884,oneqmsxzx8threenine72,1qmsxzx83972,12
885,1three8zjdpnclmfive,138zjdpnclm5,15
886,mvqeight93one1one,mvq893111,81
887,qqxvlr5fourthreeeight2,qqxvlr54382,52
888,six82seven,6827,67
889,seveneightseven5one3,787513,73
890,4nine59onefivetwonep,495915tw1p,41
891,fourghdmclp7,4ghdmclp7,47
892,11nineeight,1198,18
893,3qx74fxsxdpd,3qx74fxsxdpd,34
894,8rlvfhchthree68,8rlvfhch368,88
895,hbtwone2vgxlzdfsthreesixdxmxrhcone,hb2ne2vgxlzdfs36dxmxrhc1,21
896,ssgfcpxgmtwoeightzmtqlhqfive15,ssgfcpxgm28zmtqlhq515,25
897,sixtwonpgvtn9ninemq,62npgvtn99mq,69
898,nine3one524,931524,94
899,smleightwoccnpgzqxg2qzvzmnineseven1sshrbzzqmt9,sml8woccnpgzqxg2qzvzm971sshrbzzqmt9,89
900,vzbbxr9fivetwolkzqp,vzbbxr952lkzqp,92
901,642fivepkkpljsmtwo,6425pkkpljsm2,62
902,2qhvjljhxlxlg8plckhqhpbc,2qhvjljhxlxlg8plckhqhpbc,28
903,fivesix8xqzfhrkfvqr1eight,568xqzfhrkfvqr18,58
904,eight2onekmfjqzhgthree,821kmfjqzhg3,83
905,sixfiveeight7,6587,67
906,fournine6hhxtwotwo,496hhx22,42
907,bncgbbfrfktzrhjkfltn9fourtwonercp,bncgbbfrfktzrhjkfltn942nercp,92
908,twosixtwojqtcnznfoureight5,262jqtcnzn485,25
909,kphpbmlgvxhcqctksjvkrcfsbthree9gfhtkbs,kphpbmlgvxhcqctksjvkrcfsb39gfhtkbs,39
910,eightvfkbm3pvtwotworjqxrx8,8vfkbm3pv22rjqxrx8,88
911,2kgfcrvtfive1sgk2nbz8six,2kgfcrvt51sgk2nbz86,26
912,6zgdkmzfr44,6zgdkmzfr44,64
913,x7qvmtdnhclnn68foursdkdcvrfrfour,x7qvmtdnhclnn684sdkdcvrfr4,74
914,lsrbdckq1,lsrbdckq1,11
915,one7xzmhknhgbfks,17xzmhknhgbfks,17
916,hnmkmltwonine729hdf1,hnmkml29729hdf1,21
917,j2fivehttgmfhgzstrcdnvdspxzcxkt,j25httgmfhgzstrcdnvdspxzcxkt,25
918,7fourvhrhqtconefive,74vhrhqtc15,75
919,sevensixfour2ccprddhlxdvxtzshnbqtgmp38,7642ccprddhlxdvxtzshnbqtgmp38,78
920,9twolpshzrpgqonercvlqjglchfour,92lpshzrpgq1rcvlqjglch4,94
921,rcbqcxzlgjlprbcqmjrfourldkgxhsnlb74,rcbqcxzlgjlprbcqmjr4ldkgxhsnlb74,44
922,sixtwo6mdrfflbkrone,626mdrfflbkr1,61
923,rxcsh1,rxcsh1,11
924,mcnine4sixrloneightspv,mc946rl1ightspv,91
925,qkdpnztwoxjcrfnsmhj4eight1gzzzgkcznine,qkdpnz2xjcrfnsmhj481gzzzgkcz9,29
926,mkglfvb2vmvrnrfourklnj76onethree,mkglfvb2vmvrnr4klnj7613,23
927,nrqxpfxcgg2fiveceight6,nrqxpfxcgg25c86,26
928,6three4xsknpdhgchq6hdgblxszbpnnt,634xsknpdhgchq6hdgblxszbpnnt,66
929,xvmnsdvqfrgkb1pmqtjfgdsix,xvmnsdvqfrgkb1pmqtjfgd6,16
930,78threexvllvmdgjpck4,783xvllvmdgjpck4,74
931,threermvn16nineone5seven,3rmvn169157,37
932,sixjkxjmfl4,6jkxjmfl4,64
933,fdvhjb16gvpz,fdvhjb16gvpz,16
934,9hnqsix2eight5fiveeight,9hnq628558,98
935,szxzqzkhbf9lgxfzvnsxjfhhgc,szxzqzkhbf9lgxfzvnsxjfhhgc,99
936,qxlbhrtjlkvsixbhvqdvd91,qxlbhrtjlkv6bhvqdvd91,61
937,6sixfour3,6643,63
938,6two2c528ldpscl9,622c528ldpscl9,69
939,6rgceight7five931,6rgc875931,61
940,2gkprbninefgn,2gkprb9fgn,29
941,9vbzhldtxsgmcbst,9vbzhldtxsgmcbst,99
942,dbmqtfkst4eight76,dbmqtfkst4876,46
943,2sevenoneqkhrxdhbkhcbxbhnjxzsevennine,271qkhrxdhbkhcbxbhnjxz79,29
944,foureight2nine,4829,49
945,five9ninethreeseven,59937,57
946,one8threefourthreexrrhnpdqcf,18343xrrhnpdqcf,13
947,mgvq6vrsprdcvjs,mgvq6vrsprdcvjs,66
948,vronedb876four53,vr1db876453,13
949,2cpv4tbk,2cpv4tbk,24
950,jbvrn2,jbvrn2,22
951,81blgc8five295,81blgc85295,85
952,4threefour7eighteightdcmrckqxqmnpf,434788dcmrckqxqmnpf,48
953,nxcbtwo5four66,nxcb25466,26
954,5seven3,573,53
955,hlcrfjjkjqrvsevenbtdkvzqvxgrjdcmhggcqrr7fiveeight,hlcrfjjkjqrv7btdkvzqvxgrjdcmhggcqrr758,78
956,dcjszvn3phczz34qdgfive,dcjszvn3phczz34qdg5,35
957,fivefourgrkthree2three1,54grk3231,51
958,three28nine8,32898,38
959,eightt4,8t4,84
960,sixfour8,648,68
961,cptkxpzxk138five1sevenone,cptkxpzxk1385171,11
962,gsxjbkkg3foursix78fnkvhsddqvxs6,gsxjbkkg34678fnkvhsddqvxs6,36
963,htkvspn4fourfourtwo,htkvspn4442,42
964,52rlnsspjhrgfnckg,52rlnsspjhrgfnckg,52
965,9six27sdgmz,9627sdgmz,97
966,g6ninezrnine,g69zr9,69
967,four6eightnjzpmninetkfxqgcqnb,468njzpm9tkfxqgcqnb,49
968,2five8ffgdtrhzqntjzjssckdggqcvbskpdsrclv,258ffgdtrhzqntjzjssckdggqcvbskpdsrclv,28
969,3sixninecxghbrnpcx3vj3,369cxghbrnpcx3vj3,33
970,9hpm4qtdjpdnbqknine4,9hpm4qtdjpdnbqk94,94
971,9twosevenlnjfz,927lnjfz,97
972,5prpkmbkfq6,5prpkmbkfq6,56
973,bsltmrpklzhrldlvpj1eightkbnxnfrlc71three,bsltmrpklzhrldlvpj18kbnxnfrlc713,13
974,z8,z8,88
975,2sevenlzxone,27lzx1,21
976,9l5pxeight6,9l5px86,96
977,ninexhskkhdkgjgvjhrqhrfj9bnrfbtxpp,9xhskkhdkgjgvjhrqhrfj9bnrfbtxpp,99
978,sixsixsix3twosevenfivekjdkpxch,6663275kjdkpxch,65
979,jkpvm1567seven,jkpvm15677,17
980,dvjdfnqgbsixeightsixqdkfpbc3lcjz,dvjdfnqgb686qdkfpbc3lcjz,63
981,7twonineninetwo,72992,72
982,zjtsjvhfldplt33qpgnlflhj,zjtsjvhfldplt33qpgnlflhj,33
983,eight9mkqpbddonejtc78eight6,89mkqpbdd1jtc7886,86
984,797ninetwotwo,797922,72
985,dfjnzxtlnine9five,dfjnzxtl995,95
986,gmjknnzrnrpcbcngzqgseven8,gmjknnzrnrpcbcngzqg78,78
987,vqplmsqninenbsjvctjfk8one29zrqb,vqplmsq9nbsjvctjfk8129zrqb,99
988,3ljdlfldqtlqxrmxone4,3ljdlfldqtlqxrmx14,34
989,qbsixfour6six89pqxspnr8,qb646689pqxspnr8,68
990,6vxhzrmcbvthree,6vxhzrmcbv3,63
991,four563pllcfonebvnbltn,4563pllcf1bvnbltn,41
992,dxbtmg2three21,dxbtmg2321,21
993,xtfzzr73,xtfzzr73,73
994,fivessix4,5s64,54
995,sixone485pvzxbd,61485pvzxbd,65
996,18cfour,18c4,14
997,xjtctnllkp57seven2jgbjmjbxnpfgone,xjtctnllkp5772jgbjmjbxnpfg1,51
998,eight5gmbzbqtxrr27dtgfdbmtc7,85gmbzbqtxrr27dtgfdbmtc7,87
999,twoggvcnfmtrseven4dx,2ggvcnfmtr74dx,24
1000,ssevenhcltwoseven2cxrmxxcr,s7hcl272cxrmxxcr,72
